texto,url_pdf
Prova,https://download.inep.gov.br/enade/provas_e_gabaritos/2023_PV_agronomia.pdf
Gabarito,https://download.inep.gov.br/enade/provas_e_gabaritos/2023_GB_agronomia.pdf
Prova,https://download.inep.gov.br/enade/provas_e_gabaritos/2023_PV_arquitetura_e_urbanismo.pdf
Gabarito,https://download.inep.gov.br/enade/provas_e_gabaritos/2023_GB_arquitetura_e_urbanismo.pdf
Prova,https://download.inep.gov.br/enade/provas_e_gabaritos/2023_PV_biomedicina.pdf
Gabarito,https://download.inep.gov.br/enade/provas_e_gabaritos/2023_GB_biomedicina.pdf
Prova,https://download.inep.gov.br/enade/provas_e_gabaritos/2023_PV_enfermagem.pdf
Gabarito,https://download.inep.gov.br/enade/provas_e_gabaritos/2023_GB_enfermagem.pdf
Prova,https://download.inep.gov.br/enade/provas_e_gabaritos/2023_PV_engenharia_ambiental.pdf
Gabarito,https://download.inep.gov.br/enade/provas_e_gabaritos/2023_GB_engenharia_ambiental.pdf
Prova,https://download.inep.gov.br/enade/provas_e_gabaritos/2023_PV_engenharia_civil.pdf
Gabarito,https://download.inep.gov.br/enade/provas_e_gabaritos/2023_GB_engenharia_civil.pdf
Prova,https://download.inep.gov.br/enade/provas_e_gabaritos/2023_PV_engenharia_de_alimentos.pdf
Gabarito,https://download.inep.gov.br/enade/provas_e_gabaritos/2023_GB_engenharia_de_alimentos.pdf
Prova,https://download.inep.gov.br/enade/provas_e_gabaritos/2023_PV_engenharia_da_computacao.pdf
Gabarito,https://download.inep.gov.br/enade/provas_e_gabaritos/2023_GB_engenharia_da_computacao.pdf
Prova,https://download.inep.gov.br/enade/provas_e_gabaritos/2023_PV_engenharia_de_controle_e_automacao.pdf
Gabarito,https://download.inep.gov.br/enade/provas_e_gabaritos/2023_GB_engenharia_de_controle_e_automacao.pdf
Prova,https://download.inep.gov.br/enade/provas_e_gabaritos/2023_PV_engenharia_de_producao.pdf
Gabarito,https://download.inep.gov.br/enade/provas_e_gabaritos/2023_GB_engenharia_de_producao.pdf
Prova,https://download.inep.gov.br/enade/provas_e_gabaritos/2023_PV_engenharia_eletrica.pdf
Gabarito,https://download.inep.gov.br/enade/provas_e_gabaritos/2023_GB_engenharia_eletrica.pdf
Prova,https://download.inep.gov.br/enade/provas_e_gabaritos/2023_PV_engenharia_florestal.pdf
Gabarito,https://download.inep.gov.br/enade/provas_e_gabaritos/2023_GB_engenharia_florestal.pdf
Prova,https://download.inep.gov.br/enade/provas_e_gabaritos/2023_PV_engenharia_mecanica.pdf
Gabarito,https://download.inep.gov.br/enade/provas_e_gabaritos/2023_GB_engenharia_mecanica.pdf
Prova,https://download.inep.gov.br/enade/provas_e_gabaritos/2023_PV_engenharia_quimica.pdf
Gabarito,https://download.inep.gov.br/enade/provas_e_gabaritos/2023_GB_engenharia_quimica.pdf
Prova,https://download.inep.gov.br/enade/provas_e_gabaritos/2023_PV_farmacia.pdf
Gabarito,https://download.inep.gov.br/enade/provas_e_gabaritos/2023_GB_farmacia.pdf
Prova,https://download.inep.gov.br/enade/provas_e_gabaritos/2023_PV_fisioterapia.pdf
Gabarito,https://download.inep.gov.br/enade/provas_e_gabaritos/2023_GB_fisioterapia.pdf
Prova,https://download.inep.gov.br/enade/provas_e_gabaritos/2023_PV_fonoaudiologia.pdf
Gabarito,https://download.inep.gov.br/enade/provas_e_gabaritos/2023_GB_fonoaudiologia.pdf
Prova,https://download.inep.gov.br/enade/provas_e_gabaritos/2023_PV_medicina.pdf
Gabarito,https://download.inep.gov.br/enade/provas_e_gabaritos/2023_GB_medicina.pdf
Prova,https://download.inep.gov.br/enade/provas_e_gabaritos/2023_PV_medicina_veterinaria.pdf
Gabarito,https://download.inep.gov.br/enade/provas_e_gabaritos/2023_GB_medicina_veterinaria.pdf
Prova,https://download.inep.gov.br/enade/provas_e_gabaritos/2023_PV_nutricao.pdf
Gabarito,https://download.inep.gov.br/enade/provas_e_gabaritos/2023_GB_nutricao.pdf
Prova,https://download.inep.gov.br/enade/provas_e_gabaritos/2023_PV_odontologia.pdf
Gabarito,https://download.inep.gov.br/enade/provas_e_gabaritos/2023_GB_odontologia.pdf
Prova,https://download.inep.gov.br/enade/provas_e_gabaritos/2023_PV_zootecnia.pdf
,https://download.inep.gov.br/enade/provas_e_gabaritos/2023_PV_zootecnia.pdf
Gabarito,https://download.inep.gov.br/enade/provas_e_gabaritos/2023_GB_zootecnia.pdf
Prova,https://download.inep.gov.br/enade/provas_e_gabaritos/2023_PV_tecnologia_em_agronegocio.pdf
Gabarito,https://download.inep.gov.br/enade/provas_e_gabaritos/2023_GB_tecnologia_em_agronegocio.pdf
Prova,https://download.inep.gov.br/enade/provas_e_gabaritos/2023_PV_tecnologia_em_estetica_e_cosmetico.pdf
Gabarito,https://download.inep.gov.br/enade/provas_e_gabaritos/2023_GB_tecnologia_em_estetica_e_cosmetico.pdf
Prova,https://download.inep.gov.br/enade/provas_e_gabaritos/2023_PV_tecnologia_em_gestao_ambiental.pdf
Gabarito,https://download.inep.gov.br/enade/provas_e_gabaritos/2023_GB_tecnologia_em_gestao_ambiental.pdf
Prova,https://download.inep.gov.br/enade/provas_e_gabaritos/2023_PV_tecnologia_em_gestao_hospitalar.pdf
Gabarito,https://download.inep.gov.br/enade/provas_e_gabaritos/2023_GB_tecnologia_em_gestao_hospitalar.pdf
Prova,https://download.inep.gov.br/enade/provas_e_gabaritos/2023_PV_tecnologia_em_radiologia.pdf
Gabarito,https://download.inep.gov.br/enade/provas_e_gabaritos/2023_GB_tecnologia_em_radiologia.pdf
Prova,https://download.inep.gov.br/enade/provas_e_gabaritos/2023_PV_tecnologia_em_seguranca_do_trabalho.pdf
Gabarito,https://download.inep.gov.br/enade/provas_e_gabaritos/2023_GB_tecnologia_em_seguranca_do_trabalho.pdf
